uuid,caption
001c55a1-6a39-4f0b-8cba-70efa5b6ef0e,Benthic community with Bathyraja spinosissima over rocky substrate at 1539m depth in cold waters.
0064284a-99a0-4ad2-b607-828fe49e4b39,Benthic community on sandy substrate with 1 Cystechinus giganteus observed at 1531.86m depth and 2.37°C temperature.
0119ae5f-0b36-48c1-875a-bb37907cec57,Benthic community on rocky substrate with Antimora microlepis observed at deep-sea habitat.
014885ae-6715-4485-b59c-2f2bbae53cd7,Benthic community on rocky substrate with 1 Comatulida and 1 Peniagone observed at 2249.28m depth and 1.86°C temperature.
01f4b828-a8b8-413a-81fb-018fafe28074,Benthic community on rocky substrate with Munnopsidae observed at 2355.0m depth.
024b57e3-3fe4-44e2-8ca1-d5887632c162,"Benthic community on rocky substrate includes Pterasteridae, manipulator, and various equipment at a depth of 1545.38m."
04d688a8-3307-4091-be68-88e5cd809629,Benthic community on soft sediment with 3 Ophiuroidea and 1 Cystechinus giganteus at 1496.75m depth.
0632ef53-e09f-4b0e-96f7-2a87d0816b76,Benthic community on soft sediment with Bathyraja abyssicola observed at 1531.45m depth and 2.38°C temperature.
06bd1304-4450-4eca-bc8a-8329365da0c4,"Chrysogorgia is found on rocky substrate at 2448.9m, indicating a diverse benthic community in cold, deep-sea environments."
072a0020-bf83-4edb-99e9-cbd0f4f01c41,Benthic community on rocky substrate with 1 Holothuroidea observed at 2252.2m depth and 1.85°C temperature.
07e8edc6-46b0-4aa3-9251-aca3f50b754f,"Benthic community on rocky substrate at 2300m, featuring 1 Synallactes in a cold environment."
07f19530-a0c3-4a49-ab20-77f65c576d60,"Benthic community on rocky substrate at 2236.75m includes 1 Solasteridae, indicating a diverse ecosystem in cold, deep waters."
091feafa-3b36-4d99-a7f6-ed76675a0277,Benthic community on rocky substrate with Bathyraja spinosissima observed at 1549.47m depth and 2.39°C temperature.
0a1a27a9-31b6-4649-b11d-142ec5490985,"Suction sampler on rocky substrate, indicating a diverse benthic community at 2462.67m depth."
0c448dd3-51bb-478c-b1db-a8ac617cf7b5,Benthic community on rocky substrate with 1 Hymenaster observed at 2502.26m depth and 1.80°C temperature.
0c64c3a1-9520-4ae8-9008-feea8a78d48a,"Benthic community on rocky substrate at 2297.5m, featuring Coryphaenoides and associated fauna."
0ceb57fe-5577-4c8c-9deb-78c8cb9ef4cf,Benthic community on basalt substrate with Pannychia moseleyi observed at 1513.63m depth and 2.40°C temperature.
0d6d3ac3-ce5f-4cf1-a577-9b2ac77aa6dd,"Opisthoteuthis cf. californiana observed on rocky substrate at 1543m depth, indicating a diverse benthic community in cold waters."
0e344f98-b318-4d4b-951d-fe560e85fbb9,Benthic community on rocky substrate with Pannychia and scattered red organisms.
0e6ef718-a560-4e33-948a-9e37c909a67c,Benthic community on rocky substrate with 1 Pteraster and associated fauna observed at 2482.8m depth.
0e959176-7522-417a-92b3-00571c073b13,"Paragorgia arborea is thriving on rocky substrate, indicating a healthy benthic community in deep-sea habitats."
0fbc3d47-206c-4546-b614-f2d9e2d91966,Benthic community on rocky substrate with Pannychia observed at 2292.95m depth.
0fca4ae6-3c42-40d8-9d15-b7740fbaca16,Benthic community on rocky substrate with sediment disturbance observed at 2260.1m depth and 1.84°C temperature.
127683e5-b4af-4f77-a031-5c57b9bd06c8,Benthic community on rocky substrate with 24 Zoantharia observed at 2429.78m depth and 1.82°C temperature.
12aaac9b-28bc-40a0-aa29-b3627c84711e,Benthic community on rocky substrate with Asellota observed at 2149.97m depth and 1.93°C temperature.
12dcc67f-27a3-4b54-af0e-6a6ee0554993,Benthic community on rocky substrate with Bathyraja spinosissima observed at deep depths and low temperatures.
13341ec2-e241-48b4-bd6a-3fdd864dcbc7,Benthic community on rocky substrate with 1 Pteraster observed at 2319.05m depth.
1373a24a-8ed2-45c1-8912-f2ab053a25b4,"Two Physonectae observed in a pelagic environment at significant depth, indicating a diverse and specialized benthic community."
13d5bd81-e946-43a2-a5f3-fd1d0a239f38,Bathyraja microtrachys swims over rocky substrate in a cold benthic community at 2283 meters depth.
13ef4af0-5308-48c8-8ab8-939fa705e2ff,Benthic community on rocky substrate includes 1 Synallactes and 1 Hyalonema at 2436.6m depth.
150f24a0-aa88-468e-9415-f1e8ea6c7f8d,Benthic community on rocky substrate with Bathyraja spinosissima observed at 2059.56m depth and 1.99°C temperature.
161f160c-74a2-4e37-8602-dce75c29d120,Benthic community on basalt substrate with Pannychia observed at 1522.68m depth and 2.39°C temperature.
16edde01-5afb-48a9-a766-82247c057bd8,"Benthic community on rocky substrate with Bathyraja microtrachys observed at 2283m depth in cold, dark conditions."
17dca085-0aa8-47c3-be60-b66c844d5778,Benthic community on rocky substrate with Hymenaster observed at significant depth and low temperature.
17e0206a-a723-4a6f-8acd-4ab529d08b51,Benthic community on rocky substrate with Synallactes and associated echinoderms.
18e1c8a3-6569-4b6a-a176-918214424ad7,"Benthic community on rocky substrate at 2286m, featuring 1 Synallactes in cold, deep-sea environment."
19b1a75c-511c-413e-85cc-65c7957af717,Benthic community on soft sediment featuring Bathyraja spinosissima at significant depth and low temperature.
19b92796-58d7-4bf6-8ea7-d5bf8c02705b,Benthic community on rocky substrate with Coryphaenoides observed at deep-sea volcanic terrain.
1a04e0ce-32b1-4f9b-84a2-74d439287f3c,Benthic community on soft sediment with 1 Pannychia moseleyi observed at 1477.97m depth and 2.4°C temperature.
1a19cab1-342d-4a40-b1e2-f62e71c72b83,Benthic community on rocky substrate with Pteraster observed at 2027.25m depth.
1a3a8b2c-9f0c-4757-9ebb-2a9dc2c381a2,"Antimora microlepis inhabits a rocky substrate at great depths, showcasing a unique benthic community adapted to cold, high-pressure environments."
1a5abfdb-e7f0-4000-a80c-090beac80000,Benthic community on rocky substrate with two octocorals observed at 1969.02m depth and 1.93°C temperature.
1ba6b4bd-f70c-4d88-822f-0edf2050fe5b,"Pteraster observed on rocky substrate at 2361.17m, indicating a diverse benthic community in a cold, deep-sea environment."
1bec787f-0fdd-4956-9d74-2aea731011aa,Benthic community on rocky substrate with Opisthoteuthis cf. californiana observed at significant depth and low temperature.
1c628f9e-65a7-4df2-88e8-be6ec37875ae,Benthic community on a rocky substrate with a Coryphaenoides fish observed at significant depth.
1c742e9e-3445-46d6-9c6a-ad6949846fd1,Benthic community on rocky substrate with Pannychia moseleyi observed at 1466.1m depth and 2.4°C temperature.
1c8a72dd-2e3f-4f1f-b687-790d589a9dc0,Benthic community on rocky substrate with two Synallactes observed at 2324.85m depth and 1.87°C.
1d66350e-5479-44b3-96c4-7d8ed33e6639,"Sandy sediment with sparse benthic community, including one Pannychia observed at 1468.07m depth."
1dd8a3f7-cbd5-460e-b9cf-9c945db23b0f,Benthic community on soft sediment with three Ophiuroidea observed at 1523.54m depth and 2.38°C temperature.
1e6902f6-6cc8-448a-b716-5201402c243c,Benthic community on rocky substrate with 1 Cystechinus giganteus observed at 1540.93m depth and 2.44°C temperature.
1ed3fe06-cfd9-4375-8021-650112160a2b,Rocky substrate with Antimora microlepis observed in a benthic community at significant depth and low temperature.
207e8e0e-f48a-40da-8e68-e6802016c275,Benthic community on rocky substrate includes 1 Antimora microlepis and 1 Octocorallia at 1716.76m depth.
2189a3e2-0b36-4dd8-9443-d19e47ae1bb7,Benthic community on a rocky substrate with Antimora microlepis observed at 1575.0m depth.
23805f49-26b8-4fa2-a247-f20916e261d9,Opisthoteuthis cf. californiana observed in a soft sediment benthic community at 1512.02m depth and 2.44°C temperature.
23e9dc62-7585-4494-9728-597c2020de79,"Hymenaster on rocky substrate at 1713.9m, indicating a unique benthic community in a cold, deep-sea environment."
248a60f7-057e-420a-9078-9a8432a0addb,Benthic community on rocky substrate featuring Keratoisis and various sea anemones at 1561.0m depth.
2497f725-5471-4879-a6c2-484a402839d9,"Psychrolutes phrictus on rocky substrate at 1537.37m, showcasing a unique benthic community in cold, deep-sea conditions."
24a09dc2-b27b-4695-8b16-e7da55cbb991,"Psychrolutes phrictus on rocky substrate at 1536.81m, indicating a unique benthic community in cold, deep-sea conditions."
24dcc7ed-6c96-4c9c-8055-aace1258ddc1,Benthic community on rocky substrate with Munidopsis observed at 2024.17m depth and 1.90°C temperature.
26393f1f-d85e-45b1-ad07-47e82d3dad23,Benthic community on rocky substrate with Antimora microlepis observed at 2300m depth in cold waters.
26586708-a08b-4a6b-bd31-0251627c918c,Benthic community on rocky substrate with Synallactes observed at significant depth and low temperature.
27c55340-d38d-4ca2-8d85-de05c9d49b36,"Benthic community on rocky substrate with Peniagone observed at 2252m depth in cold, dark conditions."
289b9463-bec3-4b98-87ac-6ce2bd2c2251,"Paragorgia arborea on rocky substrate, supporting a diverse benthic community at 1669.59m depth and 2.19°C."
28bb05db-f3a2-4d83-94df-84682e5d1def,Benthic community on sandy substrate with 1 Ophiuroidea observed at 1509.66m depth and 2.38°C temperature.
28d8fe07-fb5b-4431-854a-0d4ed60313c8,"Benthic community on rocky substrate with Paragorgia arborea at 1922m depth, indicating a cold-water coral habitat."
28dec2b8-78ea-4fe0-ad8f-9930acf053f4,Benthic community on a rocky substrate with 1 Cystechinus giganteus observed at 1504.5m depth.
29149772-4d6a-40d1-af7c-2fe51ade6d69,"Benthic community on rocky substrate includes 12 Zoantharia, 2 Cladorhizidae, and 1 Swiftia kofoidi at 1821m depth."
2993be81-ae0d-4b23-8796-53a394fa2bf8,Benthic community on rocky substrate featuring 1 Paragorgia arborea at 1471.3m depth and 2.35°C temperature.
2a9b29f1-840c-4467-b6fe-a64c5e239d5d,Benthic community on rocky substrate featuring Paragorgia arborea and associated fauna.
2b23a3a6-5b75-413f-bc81-c4b5f3dda71b,"Peniagone observed in a rocky benthic community at 2420.98m depth, indicating a unique deep-sea ecosystem."
2b6ff1bc-6061-4ae5-9f46-7f80408a286d,Benthic community on rocky substrate with 1 Crossaster borealis observed at deep-sea environment.
2bac7530-2e39-4547-a5ab-db12c0076ad6,"Psychrolutes phrictus inhabits a soft sediment substrate, showcasing a unique benthic community in deep-sea environments."
2c9482a1-0854-4a65-8f7b-16ade6f2444d,Benthic community on rocky substrate featuring Opisthoteuthis cf. californiana at 1542.87m depth and 2.39°C temperature.
2cab361a-f8f5-45f5-91fb-7a888c9ec837,Benthic community includes Bathyraja abyssicola on a soft sediment substrate at a depth of 1531.2m in cold waters.
2d0a7146-59d9-46dc-bd6c-9947825bad0d,Benthic community on rocky substrate with Synallactes observed at significant depth and low temperature.
2d3ef085-a4da-4b23-ad77-f136e6f95e72,Benthic community on rocky substrate with Bathyraja spinosissima observed at 1549.49m depth and 2.39°C temperature.
2da40964-b055-4518-bf44-9b0e620f99e2,Benthic community on a sediment substrate with 1 Pannychia observed at 1519.63m depth and 2.39°C temperature.
2da95db7-c637-49cd-aa8a-fb7e29384f9a,Benthic community on soft sediment with 1 Antimora microlepis observed at 1489m depth and 2.4°C temperature.
2e21b32f-6f18-434c-9b9a-6d6a0b724d55,Benthic community on rocky substrate with Antimora microlepis observed at significant depth and low temperature.
2e27fdce-fac6-4271-8d2e-114f50d1d354,Benthic community on rocky substrate featuring Poralia rufescens at 2021.48m depth and 1.90°C temperature.
2e4b2d1c-6dcc-4209-8d3f-c3e8be3c7c23,"Crossaster borealis on rocky substrate at 2364.24m, indicating a diverse benthic community in cold, deep-sea environments."
2ea570f9-4688-4fa0-91f2-7b2f6062eaa1,"Coryphaenoides acrolepis is observed on a rocky substrate at 1705.7m depth, indicating a diverse benthic community."
307c4254-ec92-4d7a-b3fc-4372cac695bb,"Benthic community on rocky substrate featuring Paragorgia arborea, indicating a diverse habitat at significant depth."
309494da-69fe-4a8f-a07f-f1deccb6a251,Crossaster borealis is observed on a rocky substrate at a depth of 2364.16m in cold waters.
31a87b5f-45ce-43ef-bab4-b348eba09f33,"Coryphaenoides observed over a rocky substrate at 2483.9 m depth, indicating a diverse benthic community in cold, deep-sea conditions."
3309ac00-6d03-4781-bd48-e9195341e17e,Benthic community on sandy substrate with 2 Cystechinus giganteus observed at 1544.54m depth and 2.39°C temperature.
358f1390-960c-4aa4-8340-e2b27ab674e6,Benthic community on a rocky substrate featuring 1 Pannychia at 1518.8m depth and 2.4°C temperature.
36370f40-aca6-4e54-bf2f-d9e9392f47e6,"Euplectellidae observed on a rocky substrate, indicating a diverse benthic community at significant depth."
36a7932e-12f8-46c4-95fe-8263ec1c2132,Benthic community on sandy substrate with Opisthoteuthis cf. californiana observed at 1473 m depth.
372051d3-ca43-43e6-a8c5-a0c92fb595f3,Benthic community on rocky substrate featuring 19 Zoantharia and 1 Galatheoidea at a depth of 1817.26 m.
3857cdf4-8b3d-4a64-98f9-ce527a8feb9f,"Munnopsidae observed on rocky substrate at 2196.5m depth, indicating a diverse benthic community in cold, deep-sea conditions."
38efc3a8-1bfe-4ed8-b493-159ad2d9dc98,"Chrysogorgia pinnata thrives on rocky substrate, indicating a diverse benthic community in a cold, deep-sea environment."
3934e0e2-6949-481e-bcd3-1169c67d287a,Benthic community on rocky substrate with 1 Peniagone observed at 2400.4m depth and 1.8°C temperature.
394e1ee0-6b58-4f75-8842-edddf627a6d9,"Benthic community on rocky substrate with Peniagone observed at 1712m depth in cold, dark conditions."
39929331-e295-49a6-8b34-3b5dec7ee5f9,"Hymenaster on a mixed substrate of sand and rocky outcrops, indicating a diverse benthic community."
3aa7072f-9f55-449c-b4dd-b8d54609bbb4,Antimora microlepis swims over a rocky substrate in a deep-sea benthic community.
3b4fe0b2-0959-4b71-8bec-3f280477f1ac,Coryphaenoides acrolepis swims over a rocky substrate at 1540.25m depth in a cold benthic community.
3bbed6ab-617b-4fa0-9b89-07bf1f242bd0,Benthic community on soft sediment with Bathyraja microtrachys observed at 2287.16m depth and 1.90°C temperature.
3c9798e8-18b7-48e8-89fd-a302c7cb1617,Benthic community on soft substrate featuring Paragorgia arborea and associated fauna.
3e00f514-e264-4573-9b01-b754fd66cee2,"Lava substrate with sparse benthic community, featuring one Coryphaenoides acrolepis at significant depth and low temperature."
3e01dbd5-ff56-4996-bf65-b0b72e196f11,Benthic community on rocky substrate with one Coryphaenoides observed at 1442.47m depth and 2.41°C temperature.
3e0f92d9-b8c3-4c0b-9865-fa0ff39bcb36,Benthic community on rocky substrate with 1 Solasteridae observed at 1931.93m depth and 2.02°C temperature.
3e28ddac-13f1-4094-9aa9-126544fc68d0,"Psychrolutes phrictus inhabits a rocky substrate with sediment, showcasing a unique benthic community at great depths."
405f9f17-9ecf-46ad-8590-44f967731c6b,"Pteraster on soft sediment at 2278.5m, indicating a diverse benthic community in a cold, deep-sea environment."
409c6b1d-9dc8-42a4-b4d6-6a8d792d3b77,Benthic community on rocky substrate with 1 Hymenaster observed at 2447.68m depth in cold waters.
40a3cdab-8638-4320-a507-aa42a4b10a0d,Benthic community on rocky substrate with Bathyraja spinosissima observed at significant depth and low temperature.
4141783d-2a0c-496d-a563-72c17abe9f09,Benthic community on rocky substrate with 1 Pannychia moseleyi and 1 Bathyraja spinosissima at 1795.13m depth.
42885d57-10c6-4cda-ac27-12a023133b24,Rocky substrate with a solitary Coryphaenoides acrolepis observed in a deep-sea benthic community.
4338fb19-5f5e-4157-8025-eb2f72452e49,Benthic community on soft sediment with Bathyraja abyssicola observed at 1531.4m depth and 2.4°C temperature.
438aea1e-b1e2-4c67-a1c3-6599ca8b5e3f,Benthic community on rocky substrate with Antimora microlepis observed at deep-sea habitat.
43af30ec-c448-4b1d-8152-369887e63f9b,Benthic community on rocky substrate with Ceriantharia observed at 2269.48m depth and 1.84°C temperature.
4508d313-082c-4c4d-b981-b6d0f194ef1f,"Poralia rufescens observed in open water at 825 meters depth, indicating a pelagic community rather than a benthic substrate."
45f8e621-4357-4a62-b3de-c6bb997d8b88,"Coryphaenoides observed over rocky substrate at 1521.46m, indicating a benthic community adapted to cold, deep-sea environments."
46563a77-107a-4795-8aa8-10584abbb2e4,Benthic community on rocky substrate with one Coryphaenoides observed at significant depth and low temperature.
4666969d-a6a6-4e12-848b-79e0d39fec67,"Benthic community on rocky substrate with Synallactes observed at 2209.7m depth in cold, dark conditions."
4691de51-2cf2-4b2f-8d1f-0b694005565a,Benthic community on rocky substrate with Synallactes observed at 2204.06m depth and 1.87°C temperature.
46c88442-5c0c-49f7-851b-6e198cf53f35,Benthic community on rocky substrate with Synallactes observed at deep-sea environment.
47c9f848-c697-4d15-b899-4a64a987cf53,Benthic community of 6 Ceriantharia on a rocky substrate at 1541.79m depth and 2.45°C.
48f8a004-973f-44c4-aad7-58069b156a0d,Sandy substrate with a benthic community including one Coryphaenoides observed at 1512.88m depth.
49ab0849-5b50-416e-8352-a8974bd672f2,Benthic community on rocky substrate with one Coryphaenoides observed at 2402.05 meters depth.
49f8eddb-5ee3-40ed-b536-89a52172563f,Benthic community on talus substrate with one Coryphaenoides observed at 1560 meters depth.
4a2934fb-4ae3-4c14-8eaa-7f56dbfc407d,Benthic community includes Bathyraja spinosissima on rocky substrate at 1549.57m depth and 2.39°C temperature.
4a4deb91-5e33-4766-bf14-d419d764e2aa,Benthic community on rocky substrate with 1 Antimora microlepis observed at significant depth and low temperature.
4a749950-b3e6-4435-b38e-5357a8c20497,Benthic community on rocky substrate with 1 Peniagone observed at 2025.45m depth and 1.98°C temperature.
4acd0930-32c2-403b-917f-050f37a5c04c,Benthic community on basalt substrate featuring one Hymenaster at a depth of 2387 meters.
4b9431dc-ff07-4eac-992b-24c27e7bb828,"Benthic community on rocky substrate with a Synallactes at 2296.64m depth, exhibiting low-temperature conditions."
4bdbddcc-095a-4636-91b4-c500d3763781,"Antimora microlepis swims over a soft sediment substrate at 1502 meters depth in cold, deep-sea waters."
4caf2603-ce84-40e4-b44c-b2a78b07058d,Benthic community on rocky substrate with 1 Cystechinus giganteus observed at 1503.54m depth and 2.41°C temperature.
4cfa4db8-d814-4cf7-8858-097aa1786bcd,Benthic community on rocky substrate with 1 Macrouridae observed at 1523.33m depth and 2.37°C temperature.
4d193119-f41f-4189-9676-242ab4a0f7e1,Benthic community on rocky substrate includes 1 Antimora microlepis and 1 Crinoidea at 1489.35m depth.
4ddd8fc7-b312-492e-9ca5-6d6f5d9c0300,Opisthoteuthis cf. californiana observed on soft sediment at 1542.98m depth in a cold environment.
4e07dacc-7fe1-4573-82a4-bc30418243b0,Benthic community on rocky substrate featuring Paragorgia arborea at significant depth and low temperature.
4ebf73c3-a4c4-4018-8b5d-47dc1002d637,"Benthic community on rocky substrate at 2449.42m, featuring one Coryphaenoides in a cold environment."
50ae611e-1c2c-47b9-8371-5db5a9895475,Benthic community on a rocky substrate with Antimora microlepis observed at significant depth and low temperature.
50b89c53-03e8-49cb-95b4-073c450a2695,Benthic community includes a Coryphaenoides fish and a Porifera sponge on a soft sediment substrate.
515be2d2-e6cd-4b6a-9e4a-42503f088388,"Opisthoteuthis cf. californiana observed in a pelagic environment, likely associated with soft sediment substrate at significant depth."
518d7eb7-0099-4e9f-b611-aa760d993d32,"Benthic community on rocky substrate at 2176.86m, featuring 1 Coryphaenoides in cold, deep-sea environment."
51acbdc8-70f9-4857-a2e5-645cc3e1c4ad,Benthic community on rocky substrate with Pannychia moseleyi observed at 1474.3m depth and 2.4°C temperature.
520afa30-41c9-4f68-8a8b-abb61544b922,Benthic community on rocky substrate with Bathyraja spinosissima observed at 1550.3m depth and 2.4°C temperature.
53188c63-a6f6-44ea-9043-1224317e4f4b,Benthic community on rocky substrate with 1 Isopoda observed at 2368.49m depth and 1.85°C temperature.
557ad428-009a-41ca-8ddf-59cc662b2781,"Benthic community on rocky substrate with 1 Peniagone observed at 2421.05 m depth in cold, deep-sea environment."
55d421b3-6ce7-449a-9e93-0ce23fefdb43,Benthic community features a Opisthoteuthis cf. californiana on a rocky substrate at 1541.56m depth.
55dd270f-6fc2-434d-9745-c8bad851eb67,Benthic community on rocky substrate with two Synallactes observed at 2306.21m depth and 1.85°C temperature.
5626fa1a-5a2e-4394-89e6-30e74805d778,"Benthic community observed on rocky substrate with Bathyraja spinosissima at 1550m depth in cold, dark waters."
566da252-c5b0-4857-900f-2626b9782cd8,"Benthic community on rocky substrate at 2400.75m, featuring 1 Synallactes in a cold environment."
56d75631-464f-46b7-8d47-2269a557dbf3,Benthic community on rocky substrate with 1 Munnopsidae observed at 2355.03m depth and 1.83°C temperature.
56fde1a6-b7e3-4c19-8af6-0306aca24144,Benthic community on rocky substrate with Bathyraja spinosissima at 1539.5m depth and 2.5°C temperature.
570012e2-5b86-4e8c-97f2-e24268008851,Solaster hypothrissus on rocky substrate in a cold benthic community at 2278.4m depth.
57e7e0a0-4e48-41cc-b444-25c7b5e620c8,Benthic community on rocky substrate with Synallactes observed at significant depth and low temperature.
58bef40c-7c9f-4174-abe1-8f6522b2e905,"Benthic community on rocky substrate at 1467m, featuring Coryphaenoides and associated fauna."
59d4935c-d690-4115-b0be-4861995c0857,Benthic community on rocky substrate with 1 Coryphaenoides and 1 Laetmogone observed at 2322.81m depth.
5daa48be-4cab-499f-bac2-0e06a0cc602c,Benthic community on rocky substrate featuring Pannychia at significant depth and low temperature.
5de95318-7f63-4bab-a4cf-0b7139ee7aed,Benthic community on rocky substrate with Synallactes observed at 2325.39m depth and 1.86°C temperature.
5e711c56-639a-4222-9cb1-2fa34907ba36,Benthic community on rocky substrate with Antimora microlepis observed at 1714.68m depth and 2.14°C temperature.
5ec842d6-e581-4960-8eeb-78c9db3a598e,Benthic community on rocky substrate with 1 Antimora microlepis observed at 1767.5m depth and 2.16°C temperature.
60a45d37-0fc1-4896-b5cd-60873c258f88,Benthic community on rocky substrate with two Ophiuroidea observed at 1510.6m depth and 2.4°C temperature.
61e9a36f-372f-4784-b951-583ac44299c8,"Crossaster borealis on rocky substrate at 2364.23m, indicating a diverse benthic community in cold, deep-sea environments."
6288cbef-b5b1-4e2e-9615-e86d9b9de704,Benthic community on rocky substrate with Antimora microlepis observed at deep-sea depths.
62bdd8ba-e6a0-4890-8c95-08bbeca303f6,Benthic community on rocky substrate with Synallactidae observed at 2463.99m depth and 1.78°C temperature.
6312278a-c982-45c4-a4a0-e02de7fd5b27,"Benthic community observed at 1449.45m includes 1 Solmissus in a deep-sea environment, likely on soft sediment substrate."
63a1de4f-0fa5-438d-b9c8-2ed5bfc7a67c,"Benthic community on rocky substrate includes octocorals, Pannychia, and Tunicata at significant depth and low temperature."
63b47a62-6573-4bfc-96b1-e74be04ec19d,Benthic community on rocky substrate with 1 Ophiuroidea observed at 2357.44m depth and 1.83°C temperature.
63b763e9-d6c2-48ba-af02-c538c5314ed7,Benthic community on rocky substrate featuring a Pterasteridae starfish and research equipment at 1545.49m depth.
63d4b8de-1fa2-47bf-b13e-80ffc114cb7c,"Benthic community on volcanic rock with Peniagone and sediment, indicating a unique deep-sea habitat."
63dc7abd-52d3-432b-8166-00e6a849efb7,"Siphonophorae observed above rocky substrate, indicating a diverse benthic community in a deep-sea environment."
63e493c9-2759-4ad8-a296-53ac09e4c332,Benthic community on rocky substrate with Asellota observed at 2149.98m depth and 1.93°C temperature.
6469e4c5-e5a2-4dab-89d9-d99ebee220f7,Benthic community on rocky substrate with one Brisingida observed at 1721.83m depth and 2.17°C temperature.
64e39520-ab90-4f34-8a75-129f63c114a9,Benthic community on rocky substrate with two Synallactes observed at 2253.81m depth and 1.86°C temperature.
656f1397-2962-48f3-b2f0-6d2c9930d788,Benthic community on rocky substrate with Tunicata observed at 2366.81m depth and 1.83°C temperature.
657104a4-6700-4568-b3a4-fc008faa6896,Benthic community on rocky substrate with two Synallactidae observed at 2434.93m depth and 1.78°C temperature.
65c1781d-359f-4b1a-ad4b-0ac479e238d5,"Benthic community on rocky substrate with Zoantharia, indicating a diverse habitat at significant depth and low temperature."
65c38476-2c6d-4e54-89f9-3777a147490c,Benthic community on rocky substrate with Bathyraja spinosissima observed at 1549.57m depth and 2.39°C temperature.
65fa4c47-9603-4308-aa42-01f5a086678f,Benthic community on rocky substrate with 1 Asteroidea and 1 Actiniaria at 1454.41m depth and 2.43°C.
661771f2-7231-423d-b5e6-eecae59a4414,Benthic community on rocky substrate with Munidopsis observed at deep-sea habitat.
671fa775-5a7f-419a-868a-9b16fdd5d237,Benthic community observed on soft sediment with Bathyraja spinosissima at 1550m depth and 2.39°C temperature.
674c570c-52f5-4b5f-aab5-5710299df29c,"Psychrolutes phrictus inhabits a rocky substrate with sediment, showcasing a unique benthic community in deep-sea environments."
67aad265-8a88-4275-8e8c-fac22a989d28,"Antimora microlepis swims over a rocky substrate in a cold, deep-sea benthic community."
68a6aa73-d28b-436f-ac84-b7cc7f45cb5d,Benthic community on rocky substrate with 1 Synallactes observed at 2204.2m depth and 1.87°C temperature.
68ce135f-af03-4081-bce4-11afc3764776,"Hymenaster on basalt substrate, indicating a diverse benthic community in a deep-sea environment."
6a3b7c16-dc62-4ff7-b0e2-bcffde6bacbd,Benthic community on a rocky substrate with Synallactes observed at deep-sea conditions.
6b4f0660-d7ad-4e96-a7c3-3d893f5e660c,"Benthic community includes Bathyraja spinosissima, likely inhabiting a rocky substrate at significant depths."
6bbbcb34-2eb7-4f77-aa0c-f694aed82cc2,Benthic community on rocky substrate featuring a Hymenaster at significant depth and low temperature.
6c350b92-7605-4628-8b25-dfca4989aabb,Benthic community on a rocky substrate with one Coryphaenoides observed at 1520 meters depth.
6d4e6f77-e476-4926-8fae-302a9dbfaa60,"Psychrolutes phrictus on rocky substrate in a cold, deep-sea benthic community."
6d671ab9-42b4-4eb9-b88f-c51a3d5ca0e3,"Benthic community on rocky substrate with Bathyraja spinosissima observed at 1804m depth in cold, dark waters."
6fd85010-38ed-4535-8278-f39df1203c58,Benthic community on rocky substrate with Munnopsidae observed at 1556.46m depth and 2.39°C temperature.
718392e2-425d-4266-910b-1e76888e4653,Benthic community on rocky substrate includes 2 Psathyrometra fragilis and 1 Macrouridae at 1471.14m depth.
721c0e83-16ae-41cd-8237-6e0cc92e6b79,"Benthic community on rocky substrate featuring 1 Euplectellidae sponge at 1963.32m depth in cold, deep-sea conditions."
7282f04a-da91-4032-b03d-179e5a301899,"Hymenaster on a rocky substrate with sediment, indicating a diverse benthic community."
73503d24-2ba6-4369-be9f-58b4f447506c,Benthic community on rocky substrate with Bathyraja spinosissima observed at deep depths and low temperatures.
741beb20-3022-4fe4-a9a3-741a304eca15,Benthic community on rocky substrate with Bathyraja spinosissima observed at 2230.46m depth and 1.89°C temperature.
7428d7fe-8fbd-4a17-b173-cabe0c648938,"Hymenaster observed on a sandy substrate with scattered rocks, indicating a diverse benthic community."
74557982-8aaa-4ecb-a8f0-0348a26dc4bf,Benthic community on a rocky substrate with Paulasterias mcclaini and Ophiuroidea at significant depth and low temperature.
746f8e88-87c3-45bd-994d-0645f0ba3be5,"Solmissus observed in a pelagic environment, indicating a community adapted to open water rather than a specific benthic substrate."
7537b6ae-24f6-4440-9c6b-fcb95832fd0d,"Psychrolutes phrictus inhabits a rocky substrate at significant depth, showcasing a unique benthic community adapted to cold, high-pressure environments."
7574f68e-49ce-4123-a92e-1b1b43644e0e,Benthic community on rocky substrate featuring Paragorgia arborea at 1669.69m depth and 2.18°C temperature.
758ce344-a780-4dbf-988c-2d63a06b4dc2,Benthic community on rocky substrate with 1 Synallactes observed at 2310.69m depth and 1.86°C temperature.
763521d3-dfe9-4221-ad5c-40d110285b18,Benthic community on soft sediment featuring Bathyraja spinosissima and Coryphaenoides at a depth of 1829.5m in cold waters.
76e12e7b-d213-422c-9879-ff043843be0d,"Pteraster on rocky substrate at 2366.15m, indicating a diverse benthic community in a cold, deep-sea environment."
77632ec4-c383-4e3a-8efc-7c7186076b6d,"Antimora microlepis observed on rocky substrate at 2358.86m, indicating a deep-sea benthic community."
77f98200-7ead-4bab-add0-b7636446794c,Benthic community on rocky substrate with Pannychia moseleyi observed at 1477.88m depth and 2.40°C temperature.
78026949-b615-4ada-9036-111b4be70b46,"Pannychia moseleyi on a rocky substrate at 1477.9m, indicating a diverse benthic community in cold deep-sea conditions."
78ab5828-326d-4d43-9ce6-a62d44a9bc98,Benthic community on rocky substrate with one Coryphaenoides observed at 2296.64m depth.
78e4d715-223f-4c2a-9c04-a611b2ba970d,"Benthic community on rocky substrate with sediment, featuring Synallactes at a depth of 2442.37m and temperature of 1.8°C."
7a2d624a-d27f-4f80-931f-96a8e4dfbbc7,Benthic community on rocky substrate with 1 Synallactes observed at 2225.1 m depth and 1.88°C.
7a6a340d-6d6b-4578-9b1b-62b7dc7d6385,Benthic community observed at 1406.22m includes two Physonectae in a deep-sea environment.
7a6b9369-1170-43e3-a263-4b459523dd9e,Benthic community on rocky substrate with 1 Synallactes observed at 2272.63m depth and 1.86°C temperature.
7bea8f98-4bc0-4a97-b43e-4be5b24b306b,Benthic community on soft sediment with Bathyraja spinosissima observed at 2106.96m depth and 1.87°C temperature.
7c445f62-8f62-4cf5-a519-4f3a21c40f84,"Coryphaenoides observed over a rocky substrate at 2306.15m depth, indicating a deep-sea benthic community."
7d09d140-1be4-4f36-b7e7-e41c3e8cbb0e,"Antimora microlepis inhabits a rocky substrate at significant depth, indicating a diverse benthic community in cold, deep-sea environments."
7e515aef-35d5-4958-9cd6-e76f7ae4215b,A Solasteridae is observed on a soft sediment substrate at a depth of 1934.7m.
7e63d3ea-9f79-4732-a64d-a953e1f32891,Benthic community on a soft sediment substrate with Bathyraja abyssicola observed at 1546.5m depth.
7e8d4feb-e26a-4d9c-9246-cfe369da2a74,Benthic community on rocky substrate with Synallactes observed at significant depth and low temperature.
7f7898b2-287d-4495-92fc-e5dc63b648ad,"Opisthoteuthis cf. californiana on a sandy substrate at 1473m depth, indicating a diverse benthic community."
7fc31450-04ee-405b-b5c8-79035947f3a9,Benthic community on soft sediment with Bathyraja microtrachys observed at 2283.39m depth and 1.85°C temperature.
7fc7cc4c-d9f3-42aa-b304-8ae6f96e578a,"Hymenaster on rocky substrate at 2448.37m, indicating a diverse benthic community in a cold, deep-sea environment."
807ead0e-c26f-4fe9-b800-95fe3f62711f,Benthic community on rocky substrate featuring a Hymenaster starfish at significant depth and low temperature.
81382796-651f-4bb9-84c1-8c22e50bdeed,Benthic community on a rocky substrate featuring 11 Zoantharia at 1699.31m depth and 2.14°C temperature.
82338ffc-b447-4e5a-b52a-a304070f78d7,Benthic community on rocky substrate with one Comatulida observed at 2252.2m depth and 1.85°C temperature.
82de0982-5578-4497-96c6-8ab097b0741b,"Opisthoteuthis cf. californiana observed on a rocky substrate at 1542.98m, indicating a diverse benthic community."
831a0392-13eb-4ab5-b43a-2f4fd4d2ed50,Benthic community on rocky substrate includes Bathyraja spinosissima and Pannychia moseleyi at 1795.45m depth.
83e999b6-80aa-48ce-8794-72cb7643f3c9,Benthic community on rocky substrate with 1 Munnopsidae observed at 2354.96m depth and 1.83°C temperature.
84f4181e-0d5c-490a-902d-2d4e9d28999d,"Psychrolutes phrictus inhabits a rocky substrate, showcasing a unique benthic community in deep-sea environments."
85f39cfe-0173-4645-8994-e1389c54c88b,Benthic community on rocky substrate with 1 Coryphaenoides acrolepis observed at 1527.8m depth and 2.4°C temperature.
86408189-0ffa-48e9-b27a-18af0413d805,"Paragorgia arborea on rocky substrate, indicating a diverse benthic community in deep-sea habitats."
865a6253-8bea-4c72-8795-c3e55c85842b,Rocky substrate with Opisthoteuthis cf. californiana observed in a diverse benthic community at significant depth.
888f0153-ff83-46ba-9ddf-2fc3f41c7630,Benthic community on soft sediment with 1 Peniagone observed at 2380.0m depth.
88bbf764-5a3d-4a8c-bb18-dbf2b7716208,Benthic community on rocky substrate with Cystechinus giganteus and a manipulator at 1540.7m depth.
89f52ffb-4ff2-460d-9534-64df47fdfc65,Benthic community on rocky substrate with Cladorhizidae sponges and Hippasteria starfish at significant depth and low temperature.
8a5a33af-5ce4-4749-99b5-be9b3a4a8320,"Coryphaenoides inhabit a rocky substrate with sparse sediment, indicating a diverse benthic community in deep-sea environments."
8b50bce3-04d2-492f-b48c-8fc21997c26e,"Opisthoteuthis cf. californiana is observed on a rocky substrate with sediment, indicating a diverse benthic community."
8b51f908-5f26-4982-8a14-d0c329233b8d,Benthic community on rocky substrate with Pteraster observed at 1764.89m depth and 2.15°C temperature.
8c0419d9-b33e-4bce-8735-f64b422292c4,Benthic community on rocky substrate includes 1 Parantipathes and 1 Holothuroidea at 2406.32m depth and 1.83°C.
8c1d1d34-859b-4b8d-a69d-28cbbe621c92,"Benthic community on rocky substrate at 2443.58m, featuring Synallactes in a cold, stable environment."
8d63cda5-c646-4720-b6b0-9dbd98931686,Benthic community on rocky substrate with Bathyraja spinosissima observed at 2059m depth and 1.99°C temperature.
8d66b4b0-3a2b-4fd0-ba78-49e2acae2641,"Coryphaenoides acrolepis inhabits a rocky substrate with sparse sediment, indicating a diverse benthic community in deep-sea environments."
8e7f5a54-bbcc-4d26-8c30-e000df68f955,Benthic community on rocky substrate with three Ceriantharia observed at 1542.3m depth and 2.46°C temperature.
8eb9fb01-42a2-4a48-a0d3-c9ca72fbbe3d,"Pteraster on rocky substrate at 2362m, indicating a diverse benthic community in a cold, deep-sea environment."
8f39e373-a9c2-4976-a68e-ae72405befef,Benthic community on rocky substrate with Psychrolutes phrictus observed at significant depth and low temperature.
8f783faa-2772-406f-a8f3-806bba9ca2ab,"Solasteridae observed on rocky substrate at 2225.86m, indicating a diverse benthic community in a cold environment."
92b34183-4599-4dc5-9b8c-9afee015b67e,Benthic community on rocky substrate with 1 Synallactidae observed at 2207.34m depth and 1.87°C temperature.
953991c0-70f4-4822-a7b6-51f2a8a60db5,"Two Paragorgia arborea are observed on rocky substrate, indicating a diverse benthic community in deep-sea habitats."
95d22136-1a0d-4f30-9c25-b1f2834bb13b,"Chrysogorgia on rocky substrate at 2243.16m, supporting a diverse benthic community in cold, deep-sea conditions."
974e8451-dcc3-4892-befd-e8b1d8bfd8fe,"Benthic community on rocky substrate with Caulophacus and Munidopsis at 2451.88m depth, exhibiting diverse marine life."
987cbdba-d97e-4a7c-91bf-637ad5b5af80,Benthic community on rocky substrate with 1 Pannychia moseleyi observed at 1510.7m depth and 2.4°C temperature.
99378616-53dd-410a-8758-43eb7ef5a595,Benthic community on a soft sediment substrate with one Antimora microlepis observed at significant depth and low temperature.
9c06ea82-3aae-4db5-a712-bf45d8f0bf6e,"Ceriantharia observed on a soft sediment substrate at 2287.13m, indicating a diverse benthic community."
9ce237b9-c2f6-487b-9a48-015a0fc82ca7,"Benthic community on rocky substrate at 2302.5m, featuring Synallactes in a cold, deep-sea environment."
9cf8ee76-148c-48bc-8ba8-7f3f632624e0,Benthic community on volcanic rock with one Pterasteridae observed at 2045.21m depth and 1.97°C temperature.
9e2514d3-0f76-4e48-85f6-f1f945b1037f,Benthic community on rocky substrate with 1 Synallactes observed at 2284.7m depth and 1.9°C temperature.
a124504c-e1ab-443c-843e-8e2f6347a8f2,Benthic community on a sediment substrate featuring 1 Zoroaster spinulosus and 1 Coryphaenoides at 1512.07m depth.
a28a684e-a2da-4139-a5ec-d51a3dcab2ce,"Psychrolutes phrictus inhabits a rocky substrate at 1558.0m, showcasing a unique deep-sea benthic community."
a30c7c5d-a56c-4a1e-a19f-e77a53819f07,Benthic community on rocky substrate with 1 Macrouridae observed at 2366.58m depth and 1.85°C temperature.
a3675720-3de0-4429-a640-067eb8c9ea66,Benthic community dominated by Paragorgia arborea on a soft sediment substrate at 1670m depth.
a451d823-717b-41dd-8f11-bca1a617ca82,Benthic community on rocky substrate with 1 Pteraster observed at 2431.03m depth.
a4ecf41d-2a97-438f-9dbf-fff633560f43,"Psychrolutes phrictus inhabits a soft sediment substrate characterized by distinct patterns, indicating a diverse benthic community."
a5188e36-ef01-41bc-9f12-1890c11cb1b9,Benthic community on rocky substrate with Opisthoteuthis cf. californiana observed at 1478m depth and 2.46°C temperature.
a520109b-ae85-4020-8c94-9e93a6adb291,"Psychrolutes phrictus inhabits a rocky substrate at significant depth, showcasing a unique benthic community in cold, dark waters."
a589d1d0-7158-414b-b3e6-66b235f0ee41,Benthic community on rocky substrate with 1 Ophiuroidea observed at 2349.08m depth and 1.82°C temperature.
a5d12d4b-6e69-420b-9316-21951635d016,Benthic community on sediment with 1 Ceriantharia observed at 1518.54m depth and 2.40°C temperature.
a734ce6e-43e5-4b58-82cc-e41b7c79e35a,Benthic community on rocky substrate with a Macrouridae observed at 1521.95m depth and 2.38°C temperature.
a83efd1c-3142-41f9-9e1e-8389ef953017,"Antimora microlepis observed over rocky substrate at 2045.5m depth, indicating a diverse benthic community in cold, deep-sea environments."
a8580f72-0371-478c-b9a3-1c673da63771,Benthic community on rocky substrate with one Holothuroidea observed at 2369.31m depth and 1.83°C temperature.
a8b47b61-389d-480a-840e-e10b6737316b,Benthic community on rocky substrate with 1 Antimora microlepis observed at 2264.44m depth.
a8b95b83-be6d-485b-8aa6-221c47518047,Benthic community on soft sediment with Bathyraja abyssicola observed at 1531.46m depth and 2.38°C temperature.
a8ef7273-acb4-408f-8742-b5bf9a7a2a6c,"Hymenaster on a rocky substrate at 1713.89m, indicating a unique benthic community in a cold, deep-sea environment."
a8fae901-6400-4f72-a88a-9293d9ee714e,Benthic community on rocky substrate with one Pteraster observed at depth.
aa1f4685-66d1-47ab-9e86-5f8a4011dd40,Benthic community on rocky substrate with Coryphaenoides acrolepis observed at significant depth and low temperature.
aa287465-854c-44bb-8ecd-a9f5ab0844b3,Benthic community on rocky substrate with Bathyraja spinosissima observed at 2230.38m depth and 1.87°C temperature.
ac0c9d2e-41c8-45a6-b1f7-a05347d76488,Coryphaenoides acrolepis swims over a mixed substrate of sediment and rocky outcrops at a depth of 1520 meters.
ad122fec-262c-4101-8f3d-bdeb37c5f1d0,Benthic community on soft sediment with 1 Peniagone observed at 1477.77m depth and 2.40°C temperature.
ad7ffee7-c8c3-4277-a396-7a6296019944,"Opisthoteuthis cf. californiana observed on soft sediment substrate at 1543 meters depth, indicating a diverse benthic community."
ade3d7cf-2ee8-4320-9d54-66113f046737,"Psychrolutes phrictus inhabits a rocky substrate with organic matter, showcasing a unique benthic community at significant depths."
ae2b8fd4-7af3-45f4-8373-aac60e7c760d,Benthic community on rocky substrate with Bathyraja spinosissima observed at 1549.57m depth and 2.39°C temperature.
b0846205-0ba9-45ec-a60f-e2aab2d1f2bc,"Antimora microlepis observed on a sandy substrate at 1491.39m, indicating a benthic community with low biodiversity."
b1043bea-246e-464f-88ed-22cbd742a28e,Benthic community on rocky substrate with Bathyraja spinosissima observed at 1549.72m depth and 2.39°C temperature.
b110ea1e-3c9f-41d9-b371-d5cd3ef6d08c,Benthic community on rocky substrate with Coryphaenoides observed at deep-sea habitat.
b33aa754-046e-4c7a-bcc5-1660da9ef0d1,"Pannychia moseleyi is observed on rocky substrate, indicating a diverse benthic community in a deep-sea environment."
b44b49a4-5760-42bc-81cf-c4e6ac3b3928,Benthic community features 1 Octocorallia and 1 Chrysogorgia on a sediment substrate.
b4fe74b2-b7f1-437d-8db1-a14a15497a2d,"Pteraster on soft sediment substrate at 2277.81m, indicating a diverse benthic community in a cold, deep-sea environment."
b59e5e78-6622-4a7c-8814-ef465006ccf0,"Benthic community on rocky substrate with Coryphaenoides observed at 1474m depth in cold, deep-sea environment."
b784d58d-9e6d-4d2c-9117-fad7801d8e57,"Psychrolutes phrictus swims over a rocky substrate in a cold, deep-sea benthic community."
b8003654-ef7e-4265-8e4d-b5d03cb0b9b4,Benthic community on soft sediment featuring 1 Munidopsis and 1 Regadrella at 2064.36m depth and 1.90°C.
b943bef6-2e8d-4766-b70f-df3e5f174e10,Benthic community on rocky substrate with 1 Comatulida and 1 Synallactes at 2295.46m depth.
b9637354-59e2-441e-9f98-e9a21cde3ec9,Benthic community with Coryphaenoides acrolepis on a rocky substrate at significant depth.
ba42e604-734d-4758-baa9-fab17ad7325a,"Benthic community on soft sediment with Bathyraja abyssicola observed at 1531.46m in cold, deep-sea conditions."
ba4ec967-e4b8-4cde-87ac-ae41bce3c842,Benthic community on rocky substrate featuring Paragorgia arborea at 1670.3m depth in cold waters.
bac07da7-41b2-4e6a-98ba-277a0442669b,"Benthic community on rocky substrate with Synallactes observed at 2320m depth in cold, dark environment."
bb5367f5-0bf3-4998-a25c-ae6d72044cdd,"Psychrolutes phrictus inhabits a rocky substrate at 1558.0m, showcasing a unique deep-sea benthic community."
bb8f49a5-21ad-4354-93a4-806005e61586,"Bathyraja spinosissima resting on rocky substrate at 1549.67m in cold, deep-sea environment."
bb9f0d74-051b-4787-a9b0-f283077d273f,"Paragorgia arborea is found on rocky substrate at significant depths, indicating a diverse benthic community."
bbc74f9d-4bcb-4bd8-9e5f-7cfcc85fedbd,Benthic community includes Opisthoteuthis cf. californiana over a substrate of rocky seafloor at 1515.98m depth.
bc35cf0c-283c-48af-88f0-b2e2ac2d0279,"Benthic community on soft sediment with Bathyraja spinosissima observed at 1832.68m depth in cold, dark waters."
bcab4d59-2b0f-4acc-b68f-a87f2fc799a2,Benthic community on rocky substrate with Synallactes observed at 2203.55m depth and 1.87°C temperature.
bf3b68a1-2511-42a7-90c1-707a5d76d0cb,Benthic community on rocky substrate with 1 Synallactes observed at 2329.33m depth and 1.86°C temperature.
bf3bc9a7-d11d-4a9a-9e4b-16ac2169e9fd,Benthic community observed on rocky substrate with Bathyraja spinosissima at 1549.47m depth and 2.39°C temperature.
bf4848b2-6f3c-4c68-9db4-aecebd640d97,"Hymenaster observed on rocky substrate, indicating a diverse benthic community in a deep-sea environment."
bfe19869-4a59-492f-ae07-446d67a4fb04,Benthic community on rocky substrate with 1 Coryphaenoides acrolepis observed at 2267.38m depth and 1.86°C temperature.
c0346466-21e3-4f90-ab36-63a1bf239a2c,"Pteraster on rocky substrate at 2366.12m, indicating a diverse benthic community in a cold, deep-sea environment."
c07998d9-40ed-4912-bba8-d7e4035be786,"Paragorgia arborea thrives on hard substrates, forming a complex benthic community at significant depths."
c07f9072-bb21-4591-b3a0-d6dd19b68a08,Benthic community on rocky substrate with Peniagone and scattered starfish at 2306.33m depth.
c1211b39-af32-4ce0-8629-b9f237b8266b,Benthic community on soft sediment with Antimora microlepis observed at 1500.88m depth and 2.40°C temperature.
c3a5f2d5-ec70-4130-9028-470e601fbf2a,"Benthic community observed at 1423.65m includes Bargmannia lata, indicating a diverse ecosystem in cold, deep-sea environments."
c55c4a6f-30ef-4bd8-abb0-6d038b83503e,"Pteraster is observed on a rocky substrate, indicating a diverse benthic community in a stable environment."
c8433d2b-a9ff-491e-abfe-50e26a89f547,"Benthic community on rocky substrate with Coryphaenoides observed at 1729m depth in cold, dark conditions."
c96a4cd6-4b8d-4d6f-b84d-03b13b0ecc95,"Psychrolutes phrictus inhabits a rocky substrate at significant depths, showcasing a unique benthic community adapted to cold, high-pressure environments."
cae70be6-7fd2-4703-940f-e1f5b4d43f74,"Coryphaenoides inhabit a rocky substrate at significant depths, indicating a specialized benthic community adapted to cold, high-pressure environments."
cbec2932-30e5-45eb-b383-ee2f52fe38d3,"Benthic community on a sandy substrate with scattered rocks, featuring one Coryphaenoides at 1501.03 m depth."
cc6cb9aa-b3ac-4a20-a827-8cff61589319,Benthic community on rocky substrate with Ceriantharia observed at 2270 m depth.
cc84cea7-1771-4025-8978-c076f26baf5d,Benthic community on rocky substrate featuring Paragorgia arborea at 1669.56m depth and 2.19°C temperature.
ccf44649-8091-41e8-961b-4c02d052e889,Benthic community on rocky substrate featuring 1 Pannychia moseleyi at 1466.48m depth and 2.46°C temperature.
cd24eab6-4577-4d16-843a-255633d00460,"Benthic community on a sediment substrate, featuring 1 Antimora microlepis and 1 Coryphaenoides acrolepis at 1538.68m depth."
cdecd3e9-6671-49b8-9afb-fe9be465bef9,Benthic community on rocky substrate includes 1 Synallactes and 1 Comatulida at 2281.4m depth and 1.9°C.
cec69846-3cd6-4811-9b86-92f1186f5f79,"Benthic community includes a manipulator, Chrysogorgia pinnata, and Porifera on rocky substrate at deep-sea environment."
ced793e4-1030-4df0-852c-affeb09c5134,"Chrysogorgia pinnata is observed on a rocky substrate, indicating a diverse benthic community in deep-sea habitats."
cee4205b-64a6-44a3-925d-3a168b2dcf85,"Chrysogorgia pinnata thrives on soft sediment, forming a delicate benthic community at great depths."
d0f70369-b620-4218-881f-b0774b844252,Benthic community on rocky substrate with 2 Synallactes observed at 2206.69m depth and 1.87°C temperature.
d14824f9-40e8-403b-a064-c9b6ace9ab92,"Benthic community on rocky substrate at 2333.9m, featuring 1 Coryphaenoides in cold, deep-sea environment."
d1d7c795-cc3b-4059-99a3-f1a7256bbcc1,Benthic community on rocky substrate with Pannychia observed at 1466.6m depth and 2.4°C temperature.
d202db2b-24d3-43a3-9b3c-d45fe02a0ca9,Benthic community on soft sediment with 1 Antimora microlepis observed at 2295.7m depth and 1.9°C temperature.
d25cfb7b-3f82-4c9e-9df8-a299c783b8fd,Benthic community on basalt substrate with 1 Peniagone observed at 1717.98m depth and 2.16°C temperature.
d2d6b0cf-65bb-4274-94b2-d232581cb426,Benthic community on soft sediment with Pannychia moseleyi observed at significant depth and low temperature.
d2f6da09-6c7f-4fc9-8205-7d88d8dced01,"Benthic community on rocky substrate at 2381m depth, featuring Coryphaenoides in a cold, deep-sea environment."
d3657b60-e7e2-4b67-b3cf-f180958ed243,Benthic community on rocky substrate with Antimora microlepis observed at significant depth and low temperature.
d480b79b-2f36-4561-bd36-b448264f44e2,"Pteraster observed on a sediment substrate at 1469.54m, indicating a diverse benthic community."
d4bd82ee-66f4-46c1-8e9c-66e331793a13,Benthic community on a rocky substrate with Poralia rufescens observed at 1519.1m depth and 2.4°C temperature.
d4d8c9f3-fc3c-479a-8f5a-ac10521fbabd,Benthic community on rocky substrate includes one Coryphaenoides and one Asteroidea at 1484.94m depth.
d569f03e-3a28-42bb-b02c-e839c615895c,Benthic community on rocky substrate with 1 Antimora microlepis observed at 2257.87m depth.
d5cbfffd-8a95-4761-a8a6-efdb74f5d2c6,Benthic community on rocky substrate with 1 Pteraster observed at 2036.5m depth.
d5cea595-a653-4ebd-9d54-752ea1530b74,"Benthic community on rocky substrate includes 1 Ophiuroidea, 1 Holothuroidea, and 1 Macrouridae at 2361.6m depth."
d62df391-e837-40ed-8f16-fbeef34a1789,Benthic community on rocky substrate with two Synallactes observed at 2309.18m depth and 1.86°C temperature.
d6db282c-d61e-4c0b-9984-6807141dc832,Benthic community on a rocky substrate with Synallactes observed at significant depth and low temperature.
d716599d-2bba-46fe-96cf-96374ac00fcd,Benthic community on soft sediment featuring 2 Ophiuroidea and 1 Cystechinus giganteus at 1496.77m depth.
d7764b50-4715-470f-b43e-8d6810a3b57f,"Benthic community on rocky substrate at 2033.5m, featuring a Solasteridae starfish in a diverse habitat."
d7fde19e-625e-41de-a490-e66ac001c583,"Two Bargmannia elongata observed in a deep-sea environment, indicating a specialized benthic community at significant depth."
d8ab250e-0086-45ae-93ae-1694ebb9f560,Benthic community on rocky substrate with 1 Munnopsidae observed at 2349.13m depth and 1.82°C temperature.
d8c29f5b-898d-4660-90d9-b6544d5da283,Benthic community on rocky substrate with Psychrolutes phrictus observed at significant depth and low temperature.
dad27d25-2a59-4b02-8b41-e074fd998206,Benthic community on a rocky substrate with 1 Macrouridae observed at 1469.45m depth and 2.34°C temperature.
db28e17c-4846-4f24-a764-f22e48f8d929,"Hymenaster observed on rocky substrate at 2448.47m, indicating a diverse benthic community in a cold, deep-sea environment."
dc5a97a8-dd19-4331-a08f-7cc3623a743b,"Benthic community on rocky substrate at 2370.37m, featuring Coryphaenoides in a cold, deep-sea environment."
dc7d41c6-0abb-485b-bd2a-70ab74fa3684,Benthic community on soft sediment with 1 Coryphaenoides observed at 1468m depth.
dccb7ec6-67a9-462d-84e1-637cc39c25a3,Benthic community with Opisthoteuthis cf. californiana on a sandy substrate at 1473 m depth.
dd3280cc-2814-473b-995f-81208b690843,Antimora microlepis observed on a soft sediment substrate at 2267.8m depth in a cold benthic community.
dd465fe8-ccdb-4d72-9176-fa81ec14a650,"Benthic community on rocky substrate with Synallactes, indicating a diverse ecosystem at deep-sea depths."
de4b3cb3-3aff-474d-8fc4-1a356a81da3f,Benthic community on rocky substrate with 1 Antimora microlepis observed at 1784.44m depth and 2.15°C temperature.
df799c77-f0a8-49e6-bf55-bd461df39bd4,Benthic community on rocky substrate includes 1 Pteraster and 1 Swima bombiviridis at 2036m depth and 1.98°C.
dfaa4b8b-c560-4510-b3bc-459a6aac378d,Benthic community on a rocky substrate with Antimora microlepis observed at 1485.3m depth in cold waters.
e09975fa-2221-4bc3-8fc5-e04cbe98dca3,Benthic community on sandy substrate with 1 Ceriantharia observed at 1515.89m depth and 2.41°C temperature.
e2498cb3-1430-4a4b-b5ab-8ac1f3632e15,"Hymenaster on a rocky substrate at 2386.92m, indicating a diverse benthic community in a cold, deep-sea environment."
e289635c-44d9-4313-8309-5b1ce19f80ae,Benthic community on rocky substrate with Coryphaenoides acrolepis observed at 2195.47m depth.
e361d95a-9e9d-4e60-8dc6-b941f4c545b5,"Benthic community on rocky substrate at 2436.57m, featuring Coryphaenoides in a cold, deep-sea environment."
e57c6824-276f-4f21-b47c-cb160c2f76c5,Benthic community on rocky substrate with one Coryphaenoides observed at 1514.6m depth and 2.4°C temperature.
e61a8e4b-8a1c-4311-8c52-53308deb464e,"Coryphaenoides acrolepis inhabits a rocky substrate, showcasing a sparse benthic community in deep-sea conditions."
e65a06dc-9628-420a-acef-ce3b182727d0,Benthic community on soft sediment with 1 Macrouridae and 1 Macroregonia macrochira observed at 1484.27m depth and 2.35°C.
e835a713-a08f-4b61-af86-47df7aff97e2,Benthic community featuring Bathyraja spinosissima on a rocky substrate at significant depth and low temperature.
e9038dba-e9a1-450f-a565-fde01e5c3504,"Psychrolutes phrictus inhabits a rocky substrate at significant depth, showcasing a sparse benthic community in cold, deep-sea conditions."
e9a03730-e716-4497-a265-800812f09abb,"Antimora microlepis inhabits a soft sediment substrate, indicating a benthic community adapted to deep-sea environments."
eb185e47-3ee0-4ca8-aba1-522bff86429f,Benthic community includes Bathyraja spinosissima over rocky substrate at 1550m depth and 2.39°C.
eb3c3820-7268-419c-94f6-c46b0c6316a2,"Antimora microlepis inhabits a rocky substrate at 1519.13m depth, indicating a diverse benthic community."
eb5f7e23-dc77-48e8-ad9d-8065413f5a7c,"Psychrolutes phrictus inhabits a rocky substrate, showcasing a unique benthic community in deep-sea environments."
ebaab37a-a3a0-4354-87a6-904ce1f16b2b,Benthic community on soft sediment with 1 Bathyraja abyssicola observed at 1531.45m depth and 2.39°C temperature.
ed61f54a-4935-4ca0-8096-355768c46eab,Benthic community on sediment with 1 Cystechinus giganteus and 3 Ophiuroidea at 1532.44m depth and 2.37°C.
edafbc40-bf9b-4913-8c0f-bd831444db54,Benthic community on basalt substrate with Synallactes observed at 2214.21m depth and 1.87°C temperature.
eddc7371-c7ed-4522-ac82-fe2fbae1a1b1,"Benthic community on rocky substrate at 2478.37m with 1 Macrouridae observed in cold, deep-sea environment."
ef21dbef-b552-44f5-847a-e2bb36ee6b7b,Benthic community on rocky substrate with Opisthoteuthis cf. californiana observed at 1541.46m depth and 2.39°C temperature.
f13d6e70-978d-40d2-bc0c-bd1b45c71f22,Benthic community on rocky substrate with 1 Coryphaenoides observed at 2203.14m depth.
f198aa95-81a6-4229-aa24-ab807b65133e,Benthic community on rocky substrate with Bathyraja spinosissima observed at 1550.35m depth and 2.39°C temperature.
f2deccc4-9e5f-4f2c-a8bf-899a1517a4dd,Benthic community on rocky substrate with one Synallactes observed at 2307.84m depth and 1.86°C temperature.
f3b9348a-8e3f-4205-b358-07f3c588dc66,Benthic community on rocky substrate with Synallactidae observed at 2293.96m depth and 1.85°C temperature.
f3dbe151-d540-4a9d-a7fc-b565116b337c,"Munnopsidae observed over rocky substrate at 2363.58m depth, indicating a diverse benthic community in cold, deep-sea conditions."
f535b1e8-38d7-4879-a999-20729f01c6f4,Benthic community on rocky substrate with Synallactes observed at significant depth and low temperature.
f59678d4-09ca-4f4d-9a4e-7178fa2976ff,Benthic community on rocky substrate with Bathyraja spinosissima observed at 2059.26m depth and 1.99°C temperature.
f5a31f29-cd3e-45e9-9816-6f694ed964ef,Benthic community on sandy sediment with one Pannychia moseleyi observed at 1474.86m depth and 2.41°C temperature.
f5b67889-4ca9-4f97-b9ec-a12eeb33955b,Benthic community on rocky substrate with Antimora microlepis observed at 1539.9m depth and 2.4°C temperature.
f5f3ac9a-6f5e-4534-9d9f-3d3c064753e6,Opisthoteuthis cf. californiana observed in a soft sediment benthic community at 1513.58m depth and 2.44°C.
f727209f-3b4c-49e9-ac26-f744a4cbe2d8,Benthic community on rocky substrate with 1 Ophiuroidea observed at 2252.93m depth and 1.84°C temperature.
f744e710-8828-45c5-a3fa-0cc9c5715430,Benthic community on rocky substrate featuring Ceriantharia and associated fauna at 1542.35m depth.
f8091391-0176-4476-800b-4fa675e9db95,Bathyraja spinosissima rests on rocky substrate in a deep-sea benthic community at 1810.64m depth.
f80df831-7d97-4084-90e3-e3ed4261e408,"Benthic community on rocky substrate featuring Chrysogorgia at 2242.13m depth in cold, deep-sea conditions."
f8783e54-b93c-4fd6-89ca-02354063b9de,Benthic community consists of rocky substrate with Coryphaenoides observed at significant depth and low temperature.
f91e2905-93c7-470a-b94e-59fb9a4677f1,Benthic community observed at Aegina consists of pelagic organisms in a deep-sea environment with low temperatures.
f9608489-acc2-46a5-96bf-47640d68cbce,Benthic community includes 1 Peniagone and 7 Ophiuroidea on a soft sediment substrate at significant depth.
fa05f3eb-7df4-4be5-826b-0ffc193620f9,Benthic community featuring two Paragorgia arborea on rocky substrate at 1669.7m depth.
fc4f0300-8602-4b52-bf31-e400ff4aecf7,"Sandy substrate with rocky outcrops, hosting a Siphonophorae in a deep-sea benthic community."
fd008e42-e8b8-4b55-9d23-4e23b9d9e2ca,Rock substrate supports a benthic community with Chionoecetes tanneri at significant depth and low temperature.
fd46af03-260d-4b2a-8d54-eea727262429,Benthic community on soft sediment with Zoroasteridae and Coryphaenoides observed at 1442.84m depth and 2.41°C.
fd5f6f77-b8aa-4cd2-ab9c-164cc314ef60,Benthic community on a sediment substrate with Coryphaenoides acrolepis observed at 1522.16m depth and 2.43°C.
ff05eb9a-7cfa-4869-b995-b62ce7ad2c42,Benthic community on rocky substrate with 1 Psychrolutes phrictus observed at 1469.75m depth and 2.41°C temperature.
ff582fb9-e98f-4b9a-83d3-df276f5ab384,Benthic community features a single Antimora microlepis on a rocky substrate at a depth of 2296 meters.
